url,adultScore,racyScore,goreScore,isAdult
https://c964imagemirrors3.blob.core.windows.net/%24web/1628165549270.jpg,0.019296204671263695,0.9943148493766785,0.08312168717384338,0
https://c964imagemirrors3.blob.core.windows.net/%24web/1628163843954.png,0.01092054508626461,0.02218547835946083,0.5230371356010437,0
https://c964imagemirrors3.blob.core.windows.net/%24web/1628155477921.jpg,0.9976703524589539,0.999427080154419,0.4388503134250641,1
https://c964imagemirrors3.blob.core.windows.net/%24web/1628159901799.jpg,0.9908478260040283,0.9938068985939026,0.30229151248931885,1
https://c964imagemirrors3.blob.core.windows.net/%24web/1628158296851.jpg,0.6473063230514526,0.8486948013305664,0.05231817066669464,1
https://c964imagemirrors3.blob.core.windows.net/%24web/1628155804890.jpg,0.33332985639572144,0.34915632009506226,0.17391858994960785,0
https://c964imagemirrors3.blob.core.windows.net/%24web/1628134079333.jpg,0.03647270426154137,0.04646427929401398,0.04805811122059822,0
https://c964imagemirrors3.blob.core.windows.net/%24web/1628161659730.jpg,0.004528322722762823,0.006360337138175964,0.10093236714601517,0
https://c964imagemirrors3.blob.core.windows.net/%24web/1628161680313.png,0.5863555669784546,0.6391432285308838,0.22846192121505737,0
https://c964imagemirrors3.blob.core.windows.net/%24web/1628159743560.jpg,0.002274573314934969,0.00296038668602705,0.10027176141738892,0
https://c964imagemirrors3.blob.core.windows.net/%24web/1628163898663.jpg,0.42026668787002563,0.4262751042842865,0.18106910586357117,0
https://c964imagemirrors3.blob.core.windows.net/%24web/1628164194552.jpg,0.010541515424847603,0.01630225032567978,0.10658551752567291,0
https://c964imagemirrors3.blob.core.windows.net/%24web/1628161243177.jpg,0.02094135247170925,0.024683579802513123,0.20816005766391754,0
https://c964imagemirrors3.blob.core.windows.net/%24web/1628163212704.jpg,0.9850984811782837,0.9924838542938232,0.3192623555660248,1
https://c964imagemirrors3.blob.core.windows.net/%24web/1628164881346.png,0.12313598394393921,0.20746546983718872,0.05200941488146782,1
https://c964imagemirrors3.blob.core.windows.net/%24web/1628162379594.jpg,0.015524703077971935,0.022179994732141495,0.008249929174780846,0
https://c964imagemirrors3.blob.core.windows.net/%24web/1628165449378.jpg,0.390774667263031,0.39638492465019226,0.1650388538837433,0
https://c964imagemirrors3.blob.core.windows.net/%24web/1628163980435.jpg,0.01113496720790863,0.016424573957920074,0.5945860743522644,0
https://c964imagemirrors3.blob.core.windows.net/%24web/1628165027399.jpg,0.8876928687095642,0.8886874914169312,0.18175460398197174,0
https://c964imagemirrors3.blob.core.windows.net/%24web/1628158864295.jpg,0.04789816215634346,0.05670557916164398,0.5249214172363281,0
https://c964imagemirrors3.blob.core.windows.net/%24web/1628163212704.jpg,0.9850984811782837,0.9924838542938232,0.3192623555660248,1
https://c964imagemirrors3.blob.core.windows.net/%24web/1628165449378.jpg,0.3907749652862549,0.39638522267341614,0.1650388538837433,0
https://c964imagemirrors3.blob.core.windows.net/%24web/1628144779848.jpg,0.07532393932342529,0.34567779302597046,0.01742568053305149,0
https://c964imagemirrors3.blob.core.windows.net/%24web/1628155301314.jpg,0.4050769805908203,0.9557314515113831,0.0064304666593670845,1
https://c964imagemirrors3.blob.core.windows.net/%24web/1628164077550.jpg,0.02560107223689556,0.031141338869929314,0.015773121267557144,0
https://c964imagemirrors3.blob.core.windows.net/%24web/1628133257641.jpg,0.02576790377497673,0.029825039207935333,0.006052433978766203,0
https://c964imagemirrors3.blob.core.windows.net/%24web/1628162426584.jpg,0.027112938463687897,0.7701254487037659,0.06568380445241928,0
https://c964imagemirrors3.blob.core.windows.net/%24web/1628164660061.jpg,0.9913172721862793,0.99318528175354,0.5633668303489685,1
https://c964imagemirrors3.blob.core.windows.net/%24web/1628167022850.jpg,0.40777719020843506,0.7760151624679565,0.01912420615553856,1
https://c964imagemirrors3.blob.core.windows.net/%24web/1628160237314.jpg,0.313067764043808,0.981080174446106,0.037327077239751816,1
https://c964imagemirrors3.blob.core.windows.net/%24web/1628163179224.png,0.004427528474479914,0.005679980386048555,0.06816461682319641,0
https://c964imagemirrors3.blob.core.windows.net/%24web/1628165361993.jpg,0.01688949018716812,0.021840672940015793,0.10913126915693283,0
https://c964imagemirrors3.blob.core.windows.net/%24web/1628165612050.jpg,0.023165162652730942,0.25440624356269836,0.01604151539504528,0
https://c964imagemirrors3.blob.core.windows.net/%24web/1628162072802.jpg,0.02487415261566639,0.030251866206526756,0.4483931362628937,0
https://c964imagemirrors3.blob.core.windows.net/%24web/1628161243177.jpg,0.02094135247170925,0.02468358352780342,0.20816005766391754,0
https://c964imagemirrors3.blob.core.windows.net/%24web/1628164788707.jpg,0.06252657622098923,0.890360951423645,0.041763365268707275,0
https://c964imagemirrors3.blob.core.windows.net/%24web/1628165310148.jpg,0.0034305325243622065,0.9911447167396545,0.004511432722210884,0
https://c964imagemirrors3.blob.core.windows.net/%24web/1628161709777.jpg,0.004023486748337746,0.006112878676503897,0.01903611235320568,0
https://c964imagemirrors3.blob.core.windows.net/%24web/1628160407464.png,0.9994730353355408,0.9999134540557861,0.003108550328761339,1
https://c964imagemirrors3.blob.core.windows.net/%24web/1628158418482.jpg,0.016544386744499207,0.9832132458686829,0.0030849543400108814,0
https://c964imagemirrors3.blob.core.windows.net/%24web/1628145176658.jpg,0.1481001079082489,0.21075496077537537,0.13845227658748627,0
https://c964imagemirrors3.blob.core.windows.net/%24web/1628159429786.jpg,0.0032852021977305412,0.007417153101414442,0.4301048219203949,0
https://c964imagemirrors3.blob.core.windows.net/%24web/1628166507574.jpg,0.008069786243140697,0.017079206183552742,0.033133652061223984,0
https://c964imagemirrors3.blob.core.windows.net/%24web/1628166833297.png,0.002906238427385688,0.004687730222940445,0.01961018703877926,0
https://c964imagemirrors3.blob.core.windows.net/%24web/1628158808990.jpg,0.00740615651011467,0.02166524901986122,0.2601441442966461,0
https://c964imagemirrors3.blob.core.windows.net/%24web/1628164470360.jpg,0.008632594719529152,0.011538704857230186,0.02781529538333416,0
https://c964imagemirrors3.blob.core.windows.net/%24web/1628166509704.jpg,0.016368450596928596,0.019341157749295235,0.09011562913656235,0
https://c964imagemirrors3.blob.core.windows.net/%24web/1628153864095.jpg,0.022827420383691788,0.026579387485980988,0.052618879824876785,0
https://c964imagemirrors3.blob.core.windows.net/%24web/1628166810733.jpg,0.9963558912277222,0.9989379644393921,0.1188565269112587,1
https://c964imagemirrors3.blob.core.windows.net/%24web/1628157311803.jpg,0.9996997117996216,0.9999770522117615,0.15841154754161835,1
https://c964imagemirrors3.blob.core.windows.net/%24web/1628165549270.jpg,0.019296204671263695,0.9943148493766785,0.08312168717384338,0
https://c964imagemirrors3.blob.core.windows.net/%24web/1628154344762.jpg,0.003953779116272926,0.005379382986575365,0.10618847608566284,0
https://c964imagemirrors3.blob.core.windows.net/%24web/1628167649046.jpg,0.049555640667676926,0.07281430065631866,0.2195994257926941,0
https://c964imagemirrors3.blob.core.windows.net/%24web/1628164035517.png,0.0031477229204028845,0.6497905254364014,0.00018152398115489632,0
https://c964imagemirrors3.blob.core.windows.net/%24web/1628162774958.jpg,0.006597951054573059,0.014855676330626011,0.38195034861564636,0
https://c964imagemirrors3.blob.core.windows.net/%24web/1628167841345.png,0.029819305986166,0.0333891399204731,0.06341172009706497,0
https://c964imagemirrors3.blob.core.windows.net/%24web/1628164957541.jpg,0.834502637386322,0.8697707653045654,0.5480622053146362,1
https://c964imagemirrors3.blob.core.windows.net/%24web/1628162787448.jpg,0.9271678924560547,0.9324352741241455,0.1676635444164276,1
https://c964imagemirrors3.blob.core.windows.net/%24web/1628166805836.png,0.014864416792988777,0.016773130744695663,0.08133618533611298,0
https://c964imagemirrors3.blob.core.windows.net/%24web/1628165878078.jpg,0.2694275379180908,0.36877259612083435,0.0006398139521479607,0
https://c964imagemirrors3.blob.core.windows.net/%24web/1628165740158.jpg,0.060412365943193436,0.06333842873573303,0.9891483187675476,0
https://c964imagemirrors3.blob.core.windows.net/%24web/1628167498666.png,0.10922771692276001,0.12710633873939514,0.02692023292183876,0
https://c964imagemirrors3.blob.core.windows.net/%24web/1628160751938.jpg,0.999945878982544,0.9999950528144836,0.14410407841205597,1
https://c964imagemirrors3.blob.core.windows.net/%24web/1628167059554.jpg,0.007830454036593437,0.028029168024659157,0.002562945941463113,0
https://c964imagemirrors3.blob.core.windows.net/%24web/1628162072802.jpg,0.02487415261566639,0.030251866206526756,0.4483931362628937,0
https://c964imagemirrors3.blob.core.windows.net/%24web/1628157186208.jpg,0.05854824185371399,0.6802279949188232,0.001324840122833848,1
https://c964imagemirrors3.blob.core.windows.net/%24web/1628162839753.png,0.05643875524401665,0.05848682299256325,0.000012499681361077819,0
https://c964imagemirrors3.blob.core.windows.net/%24web/1628166730917.jpg,0.02413269691169262,0.02737438678741455,0.0008594809914939106,0
https://c964imagemirrors3.blob.core.windows.net/%24web/1628167345670.jpg,0.7199469208717346,0.7681266069412231,0.06539786607027054,0
https://c964imagemirrors3.blob.core.windows.net/%24web/1628161369311.jpg,0.013947105035185814,0.02387593314051628,0.01748243346810341,0
https://c964imagemirrors3.blob.core.windows.net/%24web/1628161659730.jpg,0.0045283203944563866,0.006360332481563091,0.10093236714601517,0
https://c964imagemirrors3.blob.core.windows.net/%24web/1628161975559.jpg,0.0018781281542032957,0.004922418389469385,0.41023150086402893,0
https://c964imagemirrors3.blob.core.windows.net/%24web/1628159939665.png,0.09332483261823654,0.1154870018362999,0.17653487622737885,0
https://c964imagemirrors3.blob.core.windows.net/%24web/1628151608549.jpg,0.9998397827148438,0.9999886155128479,0.24497699737548828,1
https://c964imagemirrors3.blob.core.windows.net/%24web/1628167987003.jpg,0.03107372671365738,0.03538518771529198,0.03558575361967087,0
https://c964imagemirrors3.blob.core.windows.net/%24web/1628168488066.png,0.024251047521829605,0.026983998715877533,0.2012653946876526,0
https://c964imagemirrors3.blob.core.windows.net/%24web/1628164423012.jpg,0.007651235908269882,0.027285851538181305,0.0025608197320252657,0
https://c964imagemirrors3.blob.core.windows.net/%24web/1628148481567.jpg,0.015942972153425217,0.016888808459043503,0.01964789256453514,0
https://c964imagemirrors3.blob.core.windows.net/%24web/1628151526553.jpg,0.9993199110031128,0.999671459197998,0.17117613554000854,1
https://c964imagemirrors3.blob.core.windows.net/%24web/1628163879754.jpg,0.09244228899478912,0.09867065399885178,0.009837126359343529,0
https://c964imagemirrors3.blob.core.windows.net/%24web/1628167609855.png,0.09370066225528717,0.09885359555482864,0.31571030616760254,0
https://c964imagemirrors3.blob.core.windows.net/%24web/1628167242123.png,0.0014680589083582163,0.9941970705986023,0.003759624669328332,0
https://c964imagemirrors3.blob.core.windows.net/%24web/1628168298454.jpg,0.03041495755314827,0.053728409111499786,0.04856419190764427,0
https://c964imagemirrors3.blob.core.windows.net/%24web/1628164660061.jpg,0.9913172721862793,0.99318528175354,0.5633668303489685,1
https://c964imagemirrors3.blob.core.windows.net/%24web/1628166606767.png,0.0934649333357811,0.10146193206310272,0.09185003489255905,0
https://c964imagemirrors3.blob.core.windows.net/%24web/1628167642995.png,0.00531238317489624,0.006756898015737534,0.0771137923002243,0
https://c964imagemirrors3.blob.core.windows.net/%24web/1628146239004.png,0.2069108784198761,0.30413031578063965,0.2194988876581192,1
https://c964imagemirrors3.blob.core.windows.net/%24web/1628161781234.jpg,0.02133861556649208,0.048523910343647,0.0064905015751719475,0
https://c964imagemirrors3.blob.core.windows.net/%24web/1628167921540.png,0.06181298568844795,0.08679074794054031,0.17703896760940552,0
https://c964imagemirrors3.blob.core.windows.net/%24web/1628167868103.jpg,0.0025824399199336767,0.013548790477216244,0.004434032365679741,0
https://c964imagemirrors3.blob.core.windows.net/%24web/1628168664881.jpg,0.010700552724301815,0.13720037043094635,0.003989582881331444,0
https://c964imagemirrors3.blob.core.windows.net/%24web/1628164377869.png,0.32343119382858276,0.32844430208206177,0.41595134139060974,0
https://c964imagemirrors3.blob.core.windows.net/%24web/1628166833297.png,0.002906238427385688,0.004687730222940445,0.01961018703877926,0
https://c964imagemirrors3.blob.core.windows.net/%24web/1628168826532.jpg,0.011920004151761532,0.01669500768184662,0.0016344478353857994,0
https://c964imagemirrors3.blob.core.windows.net/%24web/1628168786873.jpg,0.0041592600755393505,0.009557383134961128,0.008112620562314987,0
https://c964imagemirrors3.blob.core.windows.net/%24web/1628168728264.jpg,0.9921901822090149,0.9988888502120972,0.08770517259836197,1
https://c964imagemirrors3.blob.core.windows.net/%24web/1628167994165.jpg,0.37310919165611267,0.6385467648506165,0.4138845205307007,0
https://c964imagemirrors3.blob.core.windows.net/%24web/1628161705462.jpg,0.1885681003332138,0.19772915542125702,0.0011892731999978423,1
https://c964imagemirrors3.blob.core.windows.net/%24web/1628146943467.jpg,0.26824358105659485,0.947616696357727,0.06895262748003006,1
https://c964imagemirrors3.blob.core.windows.net/%24web/1628141918037.jpg,0.0015921728918328881,0.002359200268983841,0.005249463487416506,0
https://c964imagemirrors3.blob.core.windows.net/%24web/1628168431448.jpg,0.9930251836776733,0.9951366782188416,0.04235440865159035,1
https://c964imagemirrors3.blob.core.windows.net/%24web/1628144779848.jpg,0.07532399147748947,0.3456777036190033,0.01742568053305149,0
https://c964imagemirrors3.blob.core.windows.net/%24web/1628148745994.jpg,0.006974456831812859,0.00803598202764988,0.0053167929872870445,0
https://c964imagemirrors3.blob.core.windows.net/%24web/1628168075051.jpg,0.03208516910672188,0.7158293128013611,0.00110352854244411,0
https://c964imagemirrors3.blob.core.windows.net/%24web/1628166761342.jpg,0.016039246693253517,0.020601710304617882,0.0026488134171813726,0
https://c964imagemirrors3.blob.core.windows.net/%24web/1628159830627.jpg,0.007884079590439796,0.012944805435836315,0.08386928588151932,0
https://c964imagemirrors3.blob.core.windows.net/%24web/1628164470360.jpg,0.008632594719529152,0.011538704857230186,0.02781529538333416,0
https://c964imagemirrors3.blob.core.windows.net/%24web/1628169123145.png,0.015409773215651512,0.016119273379445076,0.04093033820390701,0
https://c964imagemirrors3.blob.core.windows.net/%24web/1628169155469.png,0.17543651163578033,0.2311670035123825,0.05438492074608803,1
https://c964imagemirrors3.blob.core.windows.net/%24web/1628168896582.jpg,0.01581205427646637,0.017776716500520706,0.13787241280078888,0
https://c964imagemirrors3.blob.core.windows.net/%24web/1628169301392.jpg,0.9688151478767395,0.9758425354957581,0.4177807867527008,0
https://c964imagemirrors3.blob.core.windows.net/%24web/1628168242136.jpg,0.5521656274795532,0.7985429167747498,0.5269818902015686,1
https://c964imagemirrors3.blob.core.windows.net/%24web/1628146368968.jpg,0.00444285711273551,0.022635774686932564,0.014998340047895908,0
https://c964imagemirrors3.blob.core.windows.net/%24web/1628168356305.jpg,0.9995360374450684,0.9999210238456726,0.06915871798992157,1
https://c964imagemirrors3.blob.core.windows.net/%24web/1628178197676.png,0.002955295145511627,0.0034986850805580616,0.5855938196182251,0
https://c964imagemirrors3.blob.core.windows.net/%24web/1628163879754.jpg,0.09244213253259659,0.09867050498723984,0.009837126359343529,0
https://c964imagemirrors3.blob.core.windows.net/%24web/1628177838734.jpg,0.09427139163017273,0.9644583463668823,0.2227058708667755,1
https://c964imagemirrors3.blob.core.windows.net/%24web/1628159121944.jpg,0.022007610648870468,0.02331172302365303,0.19073230028152466,0
https://c964imagemirrors3.blob.core.windows.net/%24web/1628175346815.jpg,0.004653648007661104,0.011062919162213802,0.0382489450275898,0
https://c964imagemirrors3.blob.core.windows.net/%24web/1628176213759.jpg,0.9972327351570129,0.9996901154518127,0.7263369560241699,1
https://c964imagemirrors3.blob.core.windows.net/%24web/1628172949475.png,0.5995035767555237,0.8183722496032715,0.11656531691551208,1
https://c964imagemirrors3.blob.core.windows.net/%24web/1628178161566.gif,0.7307649850845337,0.8290683627128601,0.19207222759723663,1
https://c964imagemirrors3.blob.core.windows.net/%24web/1628177456997.png,0.04988833889365196,0.05545443296432495,0.007392898201942444,0
https://c964imagemirrors3.blob.core.windows.net/%24web/1628178672635.jpg,0.028096027672290802,0.035043202340602875,0.0009697242057882249,0
https://c964imagemirrors3.blob.core.windows.net/%24web/1628173525287.jpg,0.0034013583790510893,0.004690765403211117,0.2088182121515274,0
https://c964imagemirrors3.blob.core.windows.net/%24web/1628178390322.png,0.008440119214355946,0.010226971469819546,0.04325832426548004,0
https://c964imagemirrors3.blob.core.windows.net/%24web/1628177517809.jpg,0.01035273913294077,0.01827513799071312,0.6465726494789124,0
https://c964imagemirrors3.blob.core.windows.net/%24web/1628178121630.jpg,0.9999083280563354,0.9999426007270813,0.2156478762626648,1
https://c964imagemirrors3.blob.core.windows.net/%24web/1628179201720.png,0.021093403920531273,0.022041210904717445,0.23778373003005981,0
https://c964imagemirrors3.blob.core.windows.net/%24web/1628178608455.jpg,0.00793034303933382,0.014209063723683357,0.0029682794120162725,0
https://c964imagemirrors3.blob.core.windows.net/%24web/1628175580740.jpg,0.006211820989847183,0.006871944759041071,0.0000020804548057640204,0
https://c964imagemirrors3.blob.core.windows.net/%24web/1628176246242.jpg,0.16347593069076538,0.9866799116134644,0.03869899734854698,1
https://c964imagemirrors3.blob.core.windows.net/%24web/1628170664850.jpg,0.025743912905454636,0.6522490978240967,0.017798837274312973,0
https://c964imagemirrors3.blob.core.windows.net/%24web/1628179769764.png,0.013296863064169884,0.015374267473816872,0.000884938461240381,0
https://c964imagemirrors3.blob.core.windows.net/%24web/1628175615072.jpg,0.40628084540367126,0.9914169311523438,0.021842151880264282,1
https://c964imagemirrors3.blob.core.windows.net/%24web/1628170553051.jpg,0.9999736547470093,0.9999940991401672,0.13992366194725037,1
https://c964imagemirrors3.blob.core.windows.net/%24web/1628179348862.png,0.01802496798336506,0.02522248961031437,0.05978117138147354,0
https://c964imagemirrors3.blob.core.windows.net/%24web/1628178151587.jpg,0.0007319578435271978,0.9787124395370483,0.019858652725815773,1
https://c964imagemirrors3.blob.core.windows.net/%24web/1628165612050.jpg,0.023165162652730942,0.25440624356269836,0.01604151539504528,0
https://c964imagemirrors3.blob.core.windows.net/%24web/1628179882016.jpg,0.17737504839897156,0.3378901481628418,0.057086117565631866,0
https://c964imagemirrors3.blob.core.windows.net/%24web/1628172623852.jpg,0.0006768787279725075,0.0009067783830687404,0.03921907767653465,0
https://c964imagemirrors3.blob.core.windows.net/%24web/1628178431722.jpg,0.18842504918575287,0.20659829676151276,0.07579615712165833,0
https://c964imagemirrors3.blob.core.windows.net/%24web/1628176650304.png,0.6709234118461609,0.9499092102050781,0.07098676264286041,1
https://c964imagemirrors3.blob.core.windows.net/%24web/1628179826346.jpg,0.027179129421710968,0.9824798107147217,0.002540657762438059,1
https://c964imagemirrors3.blob.core.windows.net/%24web/1628146943467.jpg,0.26824358105659485,0.947616696357727,0.06895262748003006,1
https://c964imagemirrors3.blob.core.windows.net/%24web/1628177761929.png,0.03170657530426979,0.03770880028605461,0.2614628076553345,0
https://c964imagemirrors3.blob.core.windows.net/%24web/1628177761929.png,0.03170657530426979,0.03770880028605461,0.2614628076553345,0
https://c964imagemirrors3.blob.core.windows.net/%24web/1628178770033.jpg,0.018181096762418747,0.02243596687912941,0.017737511545419693,0
https://c964imagemirrors3.blob.core.windows.net/%24web/1628166741303.jpg,0.9992251396179199,0.9998688101768494,0.18026569485664368,1
https://c964imagemirrors3.blob.core.windows.net/%24web/1628175346815.jpg,0.004653648007661104,0.011062919162213802,0.0382489450275898,0
https://c964imagemirrors3.blob.core.windows.net/%24web/1628179456881.jpg,0.00519557623192668,0.018847469240427017,0.17386814951896667,0
https://c964imagemirrors3.blob.core.windows.net/%24web/1628146368968.jpg,0.00444285711273551,0.02263575792312622,0.014998340047895908,0
https://c964imagemirrors3.blob.core.windows.net/%24web/1628176165926.jpg,0.18302017450332642,0.200956791639328,0.053478702902793884,0
https://c964imagemirrors3.blob.core.windows.net/%24web/1628177953327.png,0.841026782989502,0.8689495325088501,0.08902841806411743,1
https://c964imagemirrors3.blob.core.windows.net/%24web/1628172144556.jpg,0.9749268293380737,0.9999088644981384,0.010062907822430134,1
https://c964imagemirrors3.blob.core.windows.net/%24web/1628176094085.png,0.051399651914834976,0.06823655962944031,0.07570642232894897,0
https://c964imagemirrors3.blob.core.windows.net/%24web/1628179549183.jpg,0.00638980558142066,0.007058235350996256,0.03967491537332535,0
https://c964imagemirrors3.blob.core.windows.net/%24web/1628179055133.jpg,0.9887359738349915,0.9912068247795105,0.2266678512096405,1
https://c964imagemirrors3.blob.core.windows.net/%24web/1628179370810.png,0.022110799327492714,0.022584903985261917,0.0041926465928554535,0
https://c964imagemirrors3.blob.core.windows.net/%24web/1628165612050.jpg,0.023165162652730942,0.25440624356269836,0.01604151539504528,0
https://c964imagemirrors3.blob.core.windows.net/%24web/1628175326975.jpg,0.004361736588180065,0.006106706336140633,0.034142736345529556,0
https://c964imagemirrors3.blob.core.windows.net/%24web/1628163898663.jpg,0.42026668787002563,0.4262751042842865,0.18106910586357117,0
https://c964imagemirrors3.blob.core.windows.net/%24web/1628179517565.jpg,0.028646333143115044,0.03000282123684883,0.13090629875659943,0
https://c964imagemirrors3.blob.core.windows.net/%24web/1628179886877.jpg,0.0913931205868721,0.10274510830640793,0.33670106530189514,0
https://c964imagemirrors3.blob.core.windows.net/%24web/1628169378607.jpg,0.1253012716770172,0.9807075262069702,0.1885300874710083,1
https://c964imagemirrors3.blob.core.windows.net/%24web/1628162839753.png,0.05643875524401665,0.05848682299256325,0.000012499681361077819,0
https://c964imagemirrors3.blob.core.windows.net/%24web/1628173675495.jpg,0.021618282422423363,0.028956327587366104,0.3969486951828003,0
https://c964imagemirrors3.blob.core.windows.net/%24web/1628175786959.gif,0.999518871307373,0.9998883008956909,0.5495373010635376,1
https://c964imagemirrors3.blob.core.windows.net/%24web/1628175739369.png,0.99613356590271,0.9999032616615295,0.1923760175704956,1
https://c964imagemirrors3.blob.core.windows.net/%24web/1628175894911.jpg,0.07887117564678192,0.9612565040588379,0.05176517367362976,0
https://c964imagemirrors3.blob.core.windows.net/%24web/1628175326975.jpg,0.004361736588180065,0.006106706336140633,0.034142736345529556,0
https://c964imagemirrors3.blob.core.windows.net/%24web/1628180194953.jpg,0.015825314447283745,0.016354601830244064,0.026678383350372314,0
https://c964imagemirrors3.blob.core.windows.net/%24web/1628171359526.png,0.015177168883383274,0.06894821673631668,0.06859355419874191,0
https://c964imagemirrors3.blob.core.windows.net/%24web/1628176688238.jpg,0.9704209566116333,0.9990687966346741,0.3310936391353607,1
https://c964imagemirrors3.blob.core.windows.net/%24web/1628171351276.jpg,0.011308354325592518,0.012768886983394623,0.04324809089303017,0
https://c964imagemirrors3.blob.core.windows.net/%24web/1628176082853.jpg,0.041622959077358246,0.0588981956243515,0.03103053756058216,0
https://c964imagemirrors3.blob.core.windows.net/%24web/1628167891203.jpg,0.0007232237257994711,0.0008773755398578942,0.4774569869041443,0
https://c964imagemirrors3.blob.core.windows.net/%24web/1628171818555.jpg,0.28986939787864685,0.34955066442489624,0.10855717211961746,0
https://c964imagemirrors3.blob.core.windows.net/%24web/1628180022729.jpg,0.06080213561654091,0.09056827425956726,0.13622593879699707,0
https://c964imagemirrors3.blob.core.windows.net/%24web/1628175085565.jpg,0.9672057032585144,0.9978858232498169,0.029105911031365395,1
https://c964imagemirrors3.blob.core.windows.net/%24web/1628180478128.jpg,0.008839271031320095,0.060025546699762344,0.04799654707312584,0
https://c964imagemirrors3.blob.core.windows.net/%24web/1628179410664.jpg,0.025235436856746674,0.04055476561188698,0.002012934535741806,0
https://c964imagemirrors3.blob.core.windows.net/%24web/1628175079452.jpg,0.02947372756898403,0.03020341880619526,0.01091624516993761,0
https://c964imagemirrors3.blob.core.windows.net/%24web/1628180813478.jpg,0.05762302875518799,0.07861309498548508,0.18988966941833496,0
https://c964imagemirrors3.blob.core.windows.net/%24web/1628179505037.jpg,0.08482342213392258,0.10208970308303833,0.1678370237350464,0
https://c964imagemirrors3.blob.core.windows.net/%24web/1628169378607.jpg,0.1253012716770172,0.9807075262069702,0.1885300874710083,1
https://c964imagemirrors3.blob.core.windows.net/%24web/1628179126768.jpg,0.05854824185371399,0.6802279949188232,0.001324840122833848,1
https://c964imagemirrors3.blob.core.windows.net/%24web/1628179847165.jpg,0.05194086208939552,0.05356993153691292,0.00030344462720677257,0
https://c964imagemirrors3.blob.core.windows.net/%24web/1628174008475.jpg,0.9938282370567322,0.9975077509880066,0.0743420422077179,1
https://c964imagemirrors3.blob.core.windows.net/%24web/1628179370810.png,0.022110799327492714,0.022584903985261917,0.0041926465928554535,0
https://c964imagemirrors3.blob.core.windows.net/%24web/1628187999048.jpg,0.8688825368881226,0.9753318428993225,0.9987398982048035,1
https://c964imagemirrors3.blob.core.windows.net/%24web/1628184767611.png,0.02449524588882923,0.025274399667978287,0.20986084640026093,0
https://c964imagemirrors3.blob.core.windows.net/%24web/1628188419473.jpg,0.9925064444541931,0.9983148574829102,0.4114789366722107,1
https://c964imagemirrors3.blob.core.windows.net/%24web/1628189236415.png,0.0547739639878273,0.376545250415802,0.013223973102867603,0
https://c964imagemirrors3.blob.core.windows.net/%24web/1628190084629.jpg,0.007455581799149513,0.008284787647426128,0.015468526631593704,0
https://c964imagemirrors3.blob.core.windows.net/%24web/1628188151649.png,0.14725930988788605,0.16048187017440796,0.08913139998912811,1
https://c964imagemirrors3.blob.core.windows.net/%24web/1628165612050.jpg,0.023165162652730942,0.25440624356269836,0.01604151539504528,0
https://c964imagemirrors3.blob.core.windows.net/%24web/1628190265370.jpg,0.0016285295132547617,0.0036581202875822783,0.016153698787093163,0
https://c964imagemirrors3.blob.core.windows.net/%24web/1628186361608.jpg,0.9888563752174377,0.9976815581321716,0.20757326483726501,1
https://c964imagemirrors3.blob.core.windows.net/%24web/1628189434288.gif,0.0039358846843242645,0.005527964327484369,0.081062912940979,0
https://c964imagemirrors3.blob.core.windows.net/%24web/1628187676521.jpg,0.9972513318061829,0.9981503486633301,0.3038281500339508,1
https://c964imagemirrors3.blob.core.windows.net/%24web/1628188487919.jpg,0.31791961193084717,0.7494800090789795,0.04296407476067543,0
https://c964imagemirrors3.blob.core.windows.net/%24web/1628188834496.jpg,0.005503433756530285,0.011223455891013145,0.07461109757423401,0
https://c964imagemirrors3.blob.core.windows.net/%24web/1628186648775.jpg,0.1246170625090599,0.22052977979183197,0.3390974700450897,0
https://c964imagemirrors3.blob.core.windows.net/%24web/1628188536380.jpg,0.0461210273206234,0.061520230025053024,0.2042476236820221,0
https://c964imagemirrors3.blob.core.windows.net/%24web/1628178123992.jpg,0.007712249178439379,0.01344260759651661,0.02007225900888443,0
https://c964imagemirrors3.blob.core.windows.net/%24web/1628189786927.png,0.006488743703812361,0.009300462901592255,0.04646063968539238,0
https://c964imagemirrors3.blob.core.windows.net/%24web/1628181459080.jpg,0.17344465851783752,0.18092037737369537,0.2723042666912079,0
https://c964imagemirrors3.blob.core.windows.net/%24web/1628184735577.jpg,0.43161264061927795,0.7289112210273743,0.22289976477622986,1
https://c964imagemirrors3.blob.core.windows.net/%24web/1628190858303.png,0.005817243363708258,0.014067597687244415,0.2569308876991272,0
https://c964imagemirrors3.blob.core.windows.net/%24web/1628187948619.jpg,0.008562655188143253,0.01177576556801796,0.11763733625411987,0
https://c964imagemirrors3.blob.core.windows.net/%24web/1628190646485.jpg,0.008208675310015678,0.24642473459243774,0.2061937153339386,0
https://c964imagemirrors3.blob.core.windows.net/%24web/1628187910221.jpg,0.6986609101295471,0.7970809936523438,0.057238008826971054,1
https://c964imagemirrors3.blob.core.windows.net/%24web/1628190489776.jpg,0.0021705578546971083,0.002782639814540744,0.19877159595489502,0
https://c964imagemirrors3.blob.core.windows.net/%24web/1628173512041.png,0.007271415553987026,0.01332690566778183,0.03214196860790253,0
https://c964imagemirrors3.blob.core.windows.net/%24web/1628190563574.jpg,0.012537816539406776,0.02391251176595688,0.003106563352048397,0
https://c964imagemirrors3.blob.core.windows.net/%24web/1628188932275.png,0.03127714619040489,0.04620261490345001,0.052221931517124176,0
https://c964imagemirrors3.blob.core.windows.net/%24web/1628186065119.png,0.008462642319500446,0.0103427330031991,0.3071761429309845,0
https://c964imagemirrors3.blob.core.windows.net/%24web/1628185799805.jpg,0.9982666969299316,0.9987156987190247,0.1049337387084961,1
https://c964imagemirrors3.blob.core.windows.net/%24web/1628191165425.jpg,0.0446881465613842,0.04590727388858795,0.00010195161303272471,0
https://c964imagemirrors3.blob.core.windows.net/%24web/1628190820641.jpg,0.03406554087996483,0.03574594482779503,0.019386395812034607,0
https://c964imagemirrors3.blob.core.windows.net/%24web/1628189149572.jpg,0.003927652258425951,0.01231498271226883,0.00018410588381811976,0
https://c964imagemirrors3.blob.core.windows.net/%24web/1628179882016.jpg,0.17737554013729095,0.337891161441803,0.057086117565631866,0
https://c964imagemirrors3.blob.core.windows.net/%24web/1628159939665.png,0.09332478791475296,0.11548696458339691,0.17653487622737885,0
https://c964imagemirrors3.blob.core.windows.net/%24web/1628190421241.jpg,0.100640669465065,0.14601759612560272,0.42888402938842773,0
https://c964imagemirrors3.blob.core.windows.net/%24web/1628183322720.jpg,0.41192540526390076,0.45430469512939453,0.059429943561553955,1
https://c964imagemirrors3.blob.core.windows.net/%24web/1628190890705.jpg,0.00453107850626111,0.00626148097217083,0.08869177848100662,0
https://c964imagemirrors3.blob.core.windows.net/%24web/1628190368557.jpg,0.11624300479888916,0.28991463780403137,0.04794584959745407,0
https://c964imagemirrors3.blob.core.windows.net/%24web/1628188668510.jpg,0.022161195054650307,0.03033462166786194,0.028068844228982925,0
https://c964imagemirrors3.blob.core.windows.net/%24web/1628225589158.jpg,0.12414658814668655,0.2952963709831238,0.0689130499958992,0
https://c964imagemirrors3.blob.core.windows.net/%24web/1628226478677.jpg,0.044962313026189804,0.05756553262472153,0.11621164530515671,0
https://c964imagemirrors3.blob.core.windows.net/%24web/1628224467541.jpg,0.007685058284550905,0.14326786994934082,0.19405360519886017,0
https://c964imagemirrors3.blob.core.windows.net/%24web/1628222784700.jpg,0.04018037021160126,0.05252932757139206,0.06396809220314026,0
https://c964imagemirrors3.blob.core.windows.net/%24web/1628224934593.png,0.01586354523897171,0.022652197629213333,0.24931514263153076,0
https://c964imagemirrors3.blob.core.windows.net/%24web/1628210490494.jpg,0.009944416582584381,0.011034168303012848,7.750591635158344e-8,0
https://c964imagemirrors3.blob.core.windows.net/%24web/1628224573755.png,0.04015802592039108,0.04723615199327469,0.024683186784386635,1
https://c964imagemirrors3.blob.core.windows.net/%24web/1628223391341.png,0.15535615384578705,0.1898404359817505,0.6598231196403503,0
https://c964imagemirrors3.blob.core.windows.net/%24web/1628214070245.jpg,0.3687809109687805,0.9984744787216187,0.2846621572971344,1
https://c964imagemirrors3.blob.core.windows.net/%24web/1628222921789.png,0.0017569016199558973,0.002258202526718378,0.0035167932510375977,0
https://c964imagemirrors3.blob.core.windows.net/%24web/1628225970430.jpg,0.020475275814533234,0.024920891970396042,0.002308460185304284,0
https://c964imagemirrors3.blob.core.windows.net/%24web/1628226837067.jpg,0.01857766881585121,0.023696858435869217,0.05731502175331116,0
https://c964imagemirrors3.blob.core.windows.net/%24web/1628206113334.jpg,0.0077406177297234535,0.06650155037641525,0.021900368854403496,0
https://c964imagemirrors3.blob.core.windows.net/%24web/1628226412475.jpg,0.008850173093378544,0.03736511617898941,0.01608850434422493,0
https://c964imagemirrors3.blob.core.windows.net/%24web/1628226718298.jpg,0.03625088557600975,0.9957996010780334,0.23416006565093994,0
https://c964imagemirrors3.blob.core.windows.net/%24web/1628224025247.png,0.9978148937225342,0.9999223947525024,0.40739983320236206,1
https://c964imagemirrors3.blob.core.windows.net/%24web/1628226431456.jpg,0.08661637455224991,0.2893538177013397,0.012577793560922146,0
https://c964imagemirrors3.blob.core.windows.net/%24web/1628221797111.jpg,0.02618124708533287,0.9922911524772644,0.04009266197681427,0
https://c964imagemirrors3.blob.core.windows.net/%24web/1628226847817.png,0.05643875524401665,0.05848682299256325,0.000012499681361077819,0
https://c964imagemirrors3.blob.core.windows.net/%24web/1628202711930.jpg,0.2667320966720581,0.9425800442695618,0.015196832828223705,0
https://c964imagemirrors3.blob.core.windows.net/%24web/1628218482926.jpg,0.030679015442728996,0.03733191639184952,0.903742253780365,0
https://c964imagemirrors3.blob.core.windows.net/%24web/1628213372645.jpg,0.999961256980896,0.9999933242797852,0.21686193346977234,1
https://c964imagemirrors3.blob.core.windows.net/%24web/1628226905785.jpg,0.016803191974759102,0.018232006579637527,0.019272178411483765,0
https://c964imagemirrors3.blob.core.windows.net/%24web/1628227042321.jpg,0.8476636409759521,0.853489875793457,0.046108316630125046,0
https://c964imagemirrors3.blob.core.windows.net/%24web/1628219597328.png,0.002345281420275569,0.004327224567532539,0.11040149629116058,0
https://c964imagemirrors3.blob.core.windows.net/%24web/1628224109929.png,0.031734805554151535,0.047666992992162704,0.007953520864248276,0
https://c964imagemirrors3.blob.core.windows.net/%24web/1628220779972.jpg,0.006467025727033615,0.007233533076941967,0.03595732897520065,0
https://c964imagemirrors3.blob.core.windows.net/%24web/1628218377408.jpg,0.09244228899478912,0.09867065399885178,0.009837126359343529,0
https://c964imagemirrors3.blob.core.windows.net/%24web/1628222228408.jpg,0.009308099746704102,0.010139329358935356,0.004485219717025757,0
https://c964imagemirrors3.blob.core.windows.net/%24web/1628220785137.jpg,0.5705315470695496,0.5781105160713196,0.022009557113051414,1
https://c964imagemirrors3.blob.core.windows.net/%24web/1628225374460.jpg,0.004767353646457195,0.005279153119772673,0.00020205603505019099,0
https://c964imagemirrors3.blob.core.windows.net/%24web/1628226815732.png,0.037448588758707047,0.05077386274933815,0.01182557363063097,0
https://c964imagemirrors3.blob.core.windows.net/%24web/1628225750761.jpg,0.3164382874965668,0.317766934633255,0.009131619706749916,0
https://c964imagemirrors3.blob.core.windows.net/%24web/1628221073704.jpg,0.004396501462906599,0.005219877231866121,0.03206793591380119,0
https://c964imagemirrors3.blob.core.windows.net/%24web/1628226317516.jpg,0.008086958900094032,0.011085255071520805,0.05410660058259964,0
https://c964imagemirrors3.blob.core.windows.net/%24web/1628226412475.jpg,0.008850173093378544,0.03736511617898941,0.01608850434422493,0
https://c964imagemirrors3.blob.core.windows.net/%24web/1628227134415.png,0.31269967555999756,0.32163041830062866,0.09169431030750275,0
https://c964imagemirrors3.blob.core.windows.net/%24web/1628224934593.png,0.01586354523897171,0.022652197629213333,0.24931514263153076,0
https://c964imagemirrors3.blob.core.windows.net/%24web/1628221433249.jpg,0.018842188641428947,0.07894717901945114,0.018361566588282585,0
https://c964imagemirrors3.blob.core.windows.net/%24web/1628223889139.png,0.01638396643102169,0.9569276571273804,0.00693653617054224,0
https://c964imagemirrors3.blob.core.windows.net/%24web/1628225490651.gif,0.020631521940231323,0.031218990683555603,0.6326818466186523,0
https://c964imagemirrors3.blob.core.windows.net/%24web/1628226441858.jpg,0.012571064755320549,0.017657745629549026,0.3008171021938324,0
https://c964imagemirrors3.blob.core.windows.net/%24web/1628227251005.jpg,0.10129836201667786,0.1158633828163147,0.03826937824487686,1
https://c964imagemirrors3.blob.core.windows.net/%24web/1628227069281.png,0.3487541973590851,0.7946324348449707,0.08555839955806732,1
https://c964imagemirrors3.blob.core.windows.net/%24web/1628255455941.png,0.9959762692451477,0.9989175796508789,0.022537697106599808,1
https://c964imagemirrors3.blob.core.windows.net/%24web/1628259597137.png,0.09060299396514893,0.0924697294831276,0.4565909802913666,0
https://c964imagemirrors3.blob.core.windows.net/%24web/1628260422441.jpg,0.010316168889403343,0.01724112033843994,0.0014622332528233528,0
https://c964imagemirrors3.blob.core.windows.net/%24web/1628260715259.jpg,0.0037902886979281902,0.006360001862049103,0.0074425796046853065,0
https://c964imagemirrors3.blob.core.windows.net/%24web/1628253183964.jpg,0.11127695441246033,0.1648135483264923,0.056430038064718246,0
https://c964imagemirrors3.blob.core.windows.net/%24web/1628258715786.jpg,0.12347026914358139,0.12720279395580292,0.00826113298535347,0
https://c964imagemirrors3.blob.core.windows.net/%24web/1628255556764.jpg,0.14046986401081085,0.17269708216190338,0.8033236265182495,0
https://c964imagemirrors3.blob.core.windows.net/%24web/1628260717908.jpg,0.002733446191996336,0.004439196549355984,0.0006732694455422461,0
https://c964imagemirrors3.blob.core.windows.net/%24web/1628255654144.jpg,0.030545983463525772,0.03963909298181534,0.2068316638469696,0
https://c964imagemirrors3.blob.core.windows.net/%24web/1628250766064.jpg,0.9910964965820312,0.9977584481239319,0.5421642661094666,1
https://c964imagemirrors3.blob.core.windows.net/%24web/1628261053163.png,0.012478714808821678,0.013528126291930676,0.16276082396507263,0
https://c964imagemirrors3.blob.core.windows.net/%24web/1628258715786.jpg,0.12347055971622467,0.1272030770778656,0.00826113298535347,0
https://c964imagemirrors3.blob.core.windows.net/%24web/1628258487906.jpg,0.007491282187402248,0.02025235816836357,0.017551064491271973,0
https://c964imagemirrors3.blob.core.windows.net/%24web/1628252431841.jpg,0.0033428994938731194,0.00561784952878952,0.329905241727829,0
https://c964imagemirrors3.blob.core.windows.net/%24web/1628250794868.jpg,0.06558284908533096,0.07557649165391922,0.008479170501232147,0
https://c964imagemirrors3.blob.core.windows.net/%24web/1628261180847.jpg,0.02822360210120678,0.02997601218521595,0.08728163689374924,0
https://c964imagemirrors3.blob.core.windows.net/%24web/1628260064840.png,0.008864524774253368,0.02129807509481907,0.008241435512900352,0
https://c964imagemirrors3.blob.core.windows.net/%24web/1628247096784.jpg,0.9999818801879883,0.9999986886978149,0.10736849159002304,1
https://c964imagemirrors3.blob.core.windows.net/%24web/1628247771252.jpg,0.1679842621088028,0.20384255051612854,0.40471625328063965,0
https://c964imagemirrors3.blob.core.windows.net/%24web/1628260971472.jpg,0.9989105463027954,0.9999296069145203,0.011871973052620888,1
https://c964imagemirrors3.blob.core.windows.net/%24web/1628260447755.jpg,0.8266728520393372,0.8509766459465027,0.3220732808113098,1
https://c964imagemirrors3.blob.core.windows.net/%24web/1628228373708.png,0.0037491845432668924,0.005417182110249996,0.15719762444496155,0
https://c964imagemirrors3.blob.core.windows.net/%24web/1628258069477.png,0.15017683804035187,0.1921614408493042,0.36114761233329773,0
https://c964imagemirrors3.blob.core.windows.net/%24web/1628259945856.jpg,0.003959072753787041,0.005001208744943142,0.20676489174365997,0
https://c964imagemirrors3.blob.core.windows.net/%24web/1628256325914.jpg,0.1716431826353073,0.1871708482503891,0.13699479401111603,0
https://c964imagemirrors3.blob.core.windows.net/%24web/1628258546652.jpg,0.9795811772346497,0.9957816004753113,0.06560658663511276,1
https://c964imagemirrors3.blob.core.windows.net/%24web/1628260396280.jpg,0.17721791565418243,0.20628172159194946,0.24046310782432556,0
https://c964imagemirrors3.blob.core.windows.net/%24web/1628257873444.jpg,0.006651523057371378,0.013659292832016945,0.9295676350593567,0
https://c964imagemirrors3.blob.core.windows.net/%24web/1628260711522.jpg,0.017228158190846443,0.11793795228004456,0.027212942019104958,0
https://c964imagemirrors3.blob.core.windows.net/%24web/1628259540715.jpg,0.005889279302209616,0.030698612332344055,0.020324252545833588,0
https://c964imagemirrors3.blob.core.windows.net/%24web/1628258227065.jpg,0.020525414496660233,0.023825865238904953,0.06906337291002274,0
https://c964imagemirrors3.blob.core.windows.net/%24web/1628258487906.jpg,0.007491282187402248,0.02025235816836357,0.017551064491271973,0
https://c964imagemirrors3.blob.core.windows.net/%24web/1628260328392.jpg,0.04986429587006569,0.053417693823575974,0.13971856236457825,0
https://c964imagemirrors3.blob.core.windows.net/%24web/1628259540715.jpg,0.005889279302209616,0.030698612332344055,0.020324252545833588,0
https://c964imagemirrors3.blob.core.windows.net/%24web/1628260546560.jpg,0.011268205009400845,0.012074078433215618,0.10654813796281815,0
https://c964imagemirrors3.blob.core.windows.net/%24web/1628235951400.png,0.007022360805422068,0.008343169465661049,0.002801362192258239,0
https://c964imagemirrors3.blob.core.windows.net/%24web/1628217382563.jpg,0.015339906327426434,0.9382292032241821,0.06397765129804611,0
https://c964imagemirrors3.blob.core.windows.net/%24web/1628251247311.jpg,0.10953980684280396,0.1195199191570282,0.8828945755958557,0
https://c964imagemirrors3.blob.core.windows.net/%24web/1628257869631.jpg,0.04981419816613197,0.986436665058136,0.024543797597289085,1
https://c964imagemirrors3.blob.core.windows.net/%24web/1628246830539.png,0.9854819774627686,0.998049259185791,0.08989617228507996,1
https://c964imagemirrors3.blob.core.windows.net/%24web/1628257408781.png,0.0030197512824088335,0.0034985877573490143,0.3126388192176819,0
https://c964imagemirrors3.blob.core.windows.net/%24web/1628236102259.jpg,0.0336371585726738,0.03866910934448242,0.1580808013677597,0
https://c964imagemirrors3.blob.core.windows.net/%24web/1628259004888.png,0.07709482312202454,0.11132553219795227,0.036313496530056,0
https://c964imagemirrors3.blob.core.windows.net/%24web/1628261060362.jpg,0.03271711990237236,0.03545151278376579,0.20324893295764923,0
https://c964imagemirrors3.blob.core.windows.net/%24web/1628256757223.jpg,0.26097312569618225,0.9795206785202026,0.12844499945640564,1
https://c964imagemirrors3.blob.core.windows.net/%24web/1628229051556.gif,0.49586114287376404,0.5674662590026855,0.3250395357608795,1
https://c964imagemirrors3.blob.core.windows.net/%24web/1628261476194.png,0.14050933718681335,0.1556771844625473,0.3872574269771576,0
https://c964imagemirrors3.blob.core.windows.net/%24web/1628259762318.jpg,0.007114851381629705,0.028779298067092896,0.00009854775998974219,0
https://c964imagemirrors3.blob.core.windows.net/%24web/1628257032612.jpg,0.004233238752931356,0.007412879727780819,0.0006039010477252305,0
https://c964imagemirrors3.blob.core.windows.net/%24web/1628244071078.png,0.7627406716346741,0.8547059893608093,0.05457757040858269,1
https://c964imagemirrors3.blob.core.windows.net/%24web/1628259084470.jpg,0.997855007648468,0.9993352293968201,0.11430386453866959,1
https://c964imagemirrors3.blob.core.windows.net/%24web/1628261562167.jpg,0.08947057276964188,0.09282122552394867,0.18462933599948883,0
https://c964imagemirrors3.blob.core.windows.net/%24web/1628256572766.jpg,0.032065194100141525,0.03665541484951973,0.06471896916627884,0
https://c964imagemirrors3.blob.core.windows.net/%24web/1628257644161.jpg,0.9609728455543518,0.9952645897865295,0.22578972578048706,1
https://c964imagemirrors3.blob.core.windows.net/%24web/1628258698423.png,0.9995520710945129,0.9998391270637512,0.6774886250495911,1
https://c964imagemirrors3.blob.core.windows.net/%24web/1628261492736.jpg,0.020182505249977112,0.026023099198937416,0.9929295182228088,1
https://c964imagemirrors3.blob.core.windows.net/%24web/1628257560131.jpg,0.0023017101921141148,0.9928230047225952,0.02429329976439476,1
https://c964imagemirrors3.blob.core.windows.net/%24web/1628252930087.jpg,0.010447273962199688,0.01857844740152359,0.5422405004501343,0
https://c964imagemirrors3.blob.core.windows.net/%24web/1628211619881.jpg,0.002815524348989129,0.0029820625204592943,0.008708914741873741,0
https://c964imagemirrors3.blob.core.windows.net/%24web/1628261735800.jpg,0.0029222469311207533,0.003997311927378178,0.021528447046875954,0
https://c964imagemirrors3.blob.core.windows.net/%24web/1628252201612.jpg,0.11581584811210632,0.12458226084709167,0.05542600154876709,0
https://c964imagemirrors3.blob.core.windows.net/%24web/1628261365028.jpg,0.9945248365402222,0.9981587529182434,0.0039393100887537,1
https://c964imagemirrors3.blob.core.windows.net/%24web/1628258178647.png,0.875996470451355,0.8999606370925903,0.004412184469401836,1
https://c964imagemirrors3.blob.core.windows.net/%24web/1628261660972.jpg,0.008208448998630047,0.026125486940145493,0.11176018416881561,0
https://c964imagemirrors3.blob.core.windows.net/%24web/1628251711651.jpg,0.1183585375547409,0.2129674255847931,0.07559701800346375,1
https://c964imagemirrors3.blob.core.windows.net/%24web/1628261345711.png,0.004328891169279814,0.005022690165787935,0.050543658435344696,0
https://c964imagemirrors3.blob.core.windows.net/%24web/1628261709104.png,0.08579333871603012,0.2743591070175171,0.05832116678357124,1
https://c964imagemirrors3.blob.core.windows.net/%24web/1628255163778.jpg,0.2612180709838867,0.31657475233078003,0.006113473791629076,0
https://c964imagemirrors3.blob.core.windows.net/%24web/1628261824332.png,0.012064516544342041,0.028291668742895126,0.6164828538894653,0
https://c964imagemirrors3.blob.core.windows.net/%24web/1628247261543.jpg,0.019228199496865273,0.035750653594732285,0.9357621669769287,0
https://c964imagemirrors3.blob.core.windows.net/%24web/1628255543236.jpg,0.0028279689140617847,0.00427410239353776,0.0015008620684966445,0
https://c964imagemirrors3.blob.core.windows.net/%24web/1628261554509.jpg,0.02738962695002556,0.09386155009269714,0.020169125869870186,0
https://c964imagemirrors3.blob.core.windows.net/%24web/1628223965820.jpg,0.052444469183683395,0.9953418970108032,0.0072934883646667,1
https://c964imagemirrors3.blob.core.windows.net/%24web/1628251454563.jpg,0.0457899272441864,0.13938073813915253,0.017722290009260178,0
https://c964imagemirrors3.blob.core.windows.net/%24web/1628261150466.gif,0.9888373613357544,0.9966497421264648,0.3821803033351898,1
https://c964imagemirrors3.blob.core.windows.net/%24web/1628256668054.jpg,0.007598984055221081,0.0087208217009902,0.3517688512802124,0
https://c964imagemirrors3.blob.core.windows.net/%24web/1628255013653.jpg,0.03776051104068756,0.04956720769405365,0.05884788557887077,0
https://c964imagemirrors3.blob.core.windows.net/%24web/1628259946268.jpg,0.48312702775001526,0.7724343538284302,0.010214211419224739,0
https://c964imagemirrors3.blob.core.windows.net/%24web/1628255121440.png,0.18183547258377075,0.20511338114738464,0.0666496530175209,1
https://c964imagemirrors3.blob.core.windows.net/%24web/1628257960405.jpg,0.9995915293693542,0.9998294711112976,0.23980233073234558,1
https://c964imagemirrors3.blob.core.windows.net/%24web/1628258525407.jpg,0.008208667859435081,0.24642468988895416,0.2061937153339386,0
https://c964imagemirrors3.blob.core.windows.net/%24web/1628259864376.jpg,0.0012474454706534743,0.0014738374156877398,0.155839741230011,0
https://c964imagemirrors3.blob.core.windows.net/%24web/1628261310500.jpg,0.07080813497304916,0.07526978105306625,0.18572403490543365,0
https://c964imagemirrors3.blob.core.windows.net/%24web/1628261561249.jpg,0.029244305565953255,0.12826524674892426,0.2553286552429199,0
https://c964imagemirrors3.blob.core.windows.net/%24web/1628259833311.jpg,0.04430907964706421,0.9847362041473389,0.06202669441699982,0
https://c964imagemirrors3.blob.core.windows.net/%24web/1628259833311.jpg,0.04430907964706421,0.9847362041473389,0.06202669441699982,1
https://c964imagemirrors3.blob.core.windows.net/%24web/1628259833311.jpg,0.04430907964706421,0.9847362041473389,0.06202669441699982,1
https://c964imagemirrors3.blob.core.windows.net/%24web/1628253426702.jpg,0.06952571868896484,0.10294697433710098,0.05269574001431465,0
https://c964imagemirrors3.blob.core.windows.net/%24web/1628261622944.jpg,0.013104310259222984,0.014167416840791702,0.07157893478870392,0
https://c964imagemirrors3.blob.core.windows.net/%24web/1628254060699.jpg,0.019990526139736176,0.038073427975177765,0.013221090659499168,0
https://c964imagemirrors3.blob.core.windows.net/%24web/1628259934517.jpg,0.999101996421814,0.9995651245117188,0.3005290627479553,1
https://c964imagemirrors3.blob.core.windows.net/%24web/1628257032612.jpg,0.004233244806528091,0.007412888575345278,0.0006039010477252305,0
https://c964imagemirrors3.blob.core.windows.net/%24web/1628260171114.png,0.11164309829473495,0.11364929378032684,0.10318590700626373,0
https://c964imagemirrors3.blob.core.windows.net/%24web/1628260711522.jpg,0.0172281414270401,0.11793786287307739,0.027212942019104958,0
https://c964imagemirrors3.blob.core.windows.net/%24web/1628244837425.png,0.027619238942861557,0.0316263884305954,0.009189173579216003,0
https://c964imagemirrors3.blob.core.windows.net/%24web/1628242907761.jpg,0.9908010363578796,0.9926632046699524,0.1433861255645752,1
https://c964imagemirrors3.blob.core.windows.net/%24web/1628262240703.jpg,0.005979030858725309,0.012208430096507072,0.301571249961853,0
https://c964imagemirrors3.blob.core.windows.net/%24web/1628258792160.png,0.004513161722570658,0.004966489039361477,0.045295506715774536,0
https://c964imagemirrors3.blob.core.windows.net/%24web/1628262169177.jpg,0.01283301878720522,0.019491709768772125,0.8556185364723206,0
https://c964imagemirrors3.blob.core.windows.net/%24web/1628196862235.jpg,0.9991031885147095,0.9998623132705688,0.12284582853317261,1
https://c964imagemirrors3.blob.core.windows.net/%24web/1628262035751.jpg,0.7725470662117004,0.8158020377159119,0.23207925260066986,1
https://c964imagemirrors3.blob.core.windows.net/%24web/1628258351602.jpg,0.10523703694343567,0.11086499691009521,0.002357780234888196,0
https://c964imagemirrors3.blob.core.windows.net/%24web/1628259864376.jpg,0.0012474454706534743,0.0014738374156877398,0.155839741230011,0
https://c964imagemirrors3.blob.core.windows.net/%24web/1628255677893.jpg,0.9995896220207214,0.9998160600662231,0.37904924154281616,1
https://c964imagemirrors3.blob.core.windows.net/%24web/1628260177199.jpg,0.01108663808554411,0.02524273470044136,0.06371916085481644,0
https://c964imagemirrors3.blob.core.windows.net/%24web/1628262608185.png,0.011866712011396885,0.012358981184661388,0.010707730427384377,0
https://c964imagemirrors3.blob.core.windows.net/%24web/1628261624636.jpg,0.981561005115509,0.9996047019958496,0.9739658236503601,1
https://c964imagemirrors3.blob.core.windows.net/%24web/1628251820424.jpg,0.04602489992976189,0.5918839573860168,0.008137675933539867,0
https://c964imagemirrors3.blob.core.windows.net/%24web/1628261345711.png,0.004328885115683079,0.0050226841121912,0.050543658435344696,0
https://c964imagemirrors3.blob.core.windows.net/%24web/1628233990440.jpg,0.00992081593722105,0.013524387963116169,0.09427723288536072,0
https://c964imagemirrors3.blob.core.windows.net/%24web/1628233990440.jpg,0.00992081593722105,0.013524387963116169,0.09427723288536072,1
https://c964imagemirrors3.blob.core.windows.net/%24web/1628257877711.jpg,0.021171461790800095,0.023933209478855133,0.5512748956680298,0
https://c964imagemirrors3.blob.core.windows.net/%24web/1628261978222.png,0.030692916363477707,0.0330682098865509,0.5109589695930481,0
https://c964imagemirrors3.blob.core.windows.net/%24web/1628256668054.jpg,0.007598984055221081,0.0087208217009902,0.3517688512802124,0
https://c964imagemirrors3.blob.core.windows.net/%24web/1628259030238.png,0.1330304592847824,0.15178173780441284,0.08423522859811783,0
https://c964imagemirrors3.blob.core.windows.net/%24web/1628252801791.png,0.9997896552085876,0.9999229311943054,0.04595353826880455,1
https://c964imagemirrors3.blob.core.windows.net/%24web/1628253741997.jpg,0.006553967483341694,0.9954550862312317,0.14667128026485443,1
https://c964imagemirrors3.blob.core.windows.net/%24web/1628261921783.jpg,0.006656044162809849,0.009116980247199535,0.6058011054992676,0
https://c964imagemirrors3.blob.core.windows.net/%24web/1628262144053.jpg,0.012114392593502998,0.02060754969716072,0.08315698057413101,0
https://c964imagemirrors3.blob.core.windows.net/%24web/1628246916980.jpg,0.2893448770046234,0.951386570930481,0.009302780963480473,1
https://c964imagemirrors3.blob.core.windows.net/%24web/1628262258664.jpg,0.014702663756906986,0.10764087736606598,0.005420548841357231,0
https://c964imagemirrors3.blob.core.windows.net/%24web/1628265425345.jpg,0.0035913086030632257,0.012775497511029243,0.015796765685081482,0
https://c964imagemirrors3.blob.core.windows.net/%24web/1628264585092.jpg,0.06965066492557526,0.13368943333625793,0.4161475598812103,0
https://c964imagemirrors3.blob.core.windows.net/%24web/1628265241824.jpg,0.005712090525776148,0.02021411433815956,0.05175110697746277,0
https://c964imagemirrors3.blob.core.windows.net/%24web/1628265696783.jpg,0.072353295981884,0.08245599269866943,0.03749709576368332,0
https://c964imagemirrors3.blob.core.windows.net/%24web/1628265371165.png,0.007304495666176081,0.012092475779354572,0.0028108134865760803,0
https://c964imagemirrors3.blob.core.windows.net/%24web/1628262569022.jpg,0.041754525154829025,0.06332287192344666,0.34151491522789,0
https://c964imagemirrors3.blob.core.windows.net/%24web/1628265253240.jpg,0.970370888710022,0.9725034832954407,0.20859144628047943,1
https://c964imagemirrors3.blob.core.windows.net/%24web/1628266063421.jpg,0.6452259421348572,0.7754544019699097,0.05236509442329407,0
https://c964imagemirrors3.blob.core.windows.net/%24web/1628262819436.jpg,0.025271231308579445,0.03313178941607475,0.06869968771934509,0
https://c964imagemirrors3.blob.core.windows.net/%24web/1628263958932.jpg,0.9998377561569214,0.999931812286377,0.27595505118370056,1
https://c964imagemirrors3.blob.core.windows.net/%24web/1628265509765.jpg,0.9981470108032227,0.999267041683197,0.07418432831764221,1
https://c964imagemirrors3.blob.core.windows.net/%24web/1628265704488.jpg,0.33550626039505005,0.41605082154273987,0.29373374581336975,0
https://c964imagemirrors3.blob.core.windows.net/%24web/1628265487947.jpg,0.7558130621910095,0.7823929190635681,0.10383801907300949,1
https://c964imagemirrors3.blob.core.windows.net/%24web/1628265240528.png,0.009126419201493263,0.012984208762645721,0.023667212575674057,0
https://c964imagemirrors3.blob.core.windows.net/%24web/1628264995957.jpg,0.9514251351356506,0.9823690056800842,0.08804088830947876,1
https://c964imagemirrors3.blob.core.windows.net/%24web/1628264476385.jpg,0.018373291939496994,0.029909281060099602,0.02275094762444496,0
https://c964imagemirrors3.blob.core.windows.net/%24web/1628264927782.png,0.01210873294621706,0.013576419092714787,0.23111355304718018,0
https://c964imagemirrors3.blob.core.windows.net/%24web/1628266129212.jpg,0.5225250124931335,0.5305596590042114,0.07876367121934891,0
https://c964imagemirrors3.blob.core.windows.net/%24web/1628264399074.png,0.4246823191642761,0.5057639479637146,0.034912459552288055,0
https://c964imagemirrors3.blob.core.windows.net/%24web/1628265267614.gif,0.0114579563960433,0.017999086529016495,0.14253441989421844,0
https://c964imagemirrors3.blob.core.windows.net/%24web/1628264003698.jpg,0.4119247496128082,0.454304039478302,0.059429943561553955,1
https://c964imagemirrors3.blob.core.windows.net/%24web/1628265935097.jpg,0.18453212082386017,0.2213062047958374,0.5206471681594849,0
https://c964imagemirrors3.blob.core.windows.net/%24web/1628264829868.png,0.998976469039917,0.9999663233757019,0.14002853631973267,1
https://c964imagemirrors3.blob.core.windows.net/%24web/1628266426602.png,0.0507579930126667,0.08479245752096176,0.03313403204083443,0
https://c964imagemirrors3.blob.core.windows.net/%24web/1628265294571.jpg,0.9884786009788513,0.9965059757232666,0.04040868207812309,1
https://c964imagemirrors3.blob.core.windows.net/%24web/1628266551743.jpg,0.3587837815284729,0.42526304721832275,0.052469588816165924,1
https://c964imagemirrors3.blob.core.windows.net/%24web/1628266487206.png,0.19023795425891876,0.9512357115745544,0.32274219393730164,1
https://c964imagemirrors3.blob.core.windows.net/%24web/1628264587031.jpg,0.9361385107040405,0.9938628077507019,0.25393232703208923,1
https://c964imagemirrors3.blob.core.windows.net/%24web/1628266492670.jpg,0.010292476043105125,0.017654510214924812,0.06604210287332535,0
https://c964imagemirrors3.blob.core.windows.net/%24web/1628264326095.jpg,0.07361076772212982,0.13032808899879456,0.03676440939307213,0
https://c964imagemirrors3.blob.core.windows.net/%24web/1628266638748.jpg,0.005710625555366278,0.9275295734405518,0.02577097900211811,0
https://c964imagemirrors3.blob.core.windows.net/%24web/1628259864376.jpg,0.0012474454706534743,0.0014738374156877398,0.155839741230011,0
https://c964imagemirrors3.blob.core.windows.net/%24web/1628235951400.png,0.007022360805422068,0.008343169465661049,0.002801362192258239,0
https://c964imagemirrors3.blob.core.windows.net/%24web/1628265554277.jpg,0.00795863289386034,0.02210414409637451,0.006573968101292849,0
https://c964imagemirrors3.blob.core.windows.net/%24web/1628266697338.png,0.1058533787727356,0.10949954390525818,0.3019762635231018,0
https://c964imagemirrors3.blob.core.windows.net/%24web/1628250794868.jpg,0.06558284908533096,0.07557649165391922,0.008479170501232147,0
https://c964imagemirrors3.blob.core.windows.net/%24web/1628266457040.png,0.5386103391647339,0.5618795156478882,0.28560903668403625,1
https://c964imagemirrors3.blob.core.windows.net/%24web/1628264192084.jpg,0.00749268988147378,0.010960991494357586,0.5550923943519592,
https://c964imagemirrors3.blob.core.windows.net/%24web/1628263552218.jpg,0.0023590289056301117,0.008707860484719276,0.20338083803653717,0
https://c964imagemirrors3.blob.core.windows.net/%24web/1628266723098.jpg,0.005197040271013975,0.011965472251176834,0.000827316427603364,0
https://c964imagemirrors3.blob.core.windows.net/%24web/1628267704334.jpg,0.07304400205612183,0.3331523835659027,0.11081168055534363,0
https://c964imagemirrors3.blob.core.windows.net/%24web/1628267808925.png,0.01657922938466072,0.05166839808225632,0.21716010570526123,0
https://c964imagemirrors3.blob.core.windows.net/%24web/1628235951400.png,0.007022360805422068,0.008343169465661049,0.002801362192258239,0
https://c964imagemirrors3.blob.core.windows.net/%24web/1628267546876.png,0.08860132098197937,0.392507940530777,0.052246566861867905,0
https://c964imagemirrors3.blob.core.windows.net/%24web/1628262854937.jpg,0.011355900205671787,0.019898854196071625,0.01348805706948042,0
https://c964imagemirrors3.blob.core.windows.net/%24web/1628267420559.gif,0.3170754015445709,0.32727232575416565,0.16871237754821777,1
https://c964imagemirrors3.blob.core.windows.net/%24web/1628266951838.png,0.0020144484005868435,0.00336105702444911,0.012345649302005768,0
https://c964imagemirrors3.blob.core.windows.net/%24web/1628223238448.jpg,0.00967117864638567,0.01545750629156828,0.012632393278181553,0
https://c964imagemirrors3.blob.core.windows.net/%24web/1628267533988.jpg,0.2558443248271942,0.2884444296360016,0.09374652057886124,0
https://c964imagemirrors3.blob.core.windows.net/%24web/1628267533988.jpg,0.2558443248271942,0.2884444296360016,0.09374652057886124,0
https://c964imagemirrors3.blob.core.windows.net/%24web/1628267276940.jpg,0.019228149205446243,0.03575057163834572,0.9357621669769287,0
https://c964imagemirrors3.blob.core.windows.net/%24web/1628264768647.jpg,0.12116175144910812,0.15523578226566315,0.30940744280815125,0
https://c964imagemirrors3.blob.core.windows.net/%24web/1628267139477.jpg,0.014253688044846058,0.017087779939174652,0.03778453543782234,0
https://c964imagemirrors3.blob.core.windows.net/%24web/1628267565227.jpg,0.7969295382499695,0.9148038029670715,0.11368568986654282,0
https://c964imagemirrors3.blob.core.windows.net/%24web/1628267769465.jpg,0.37348416447639465,0.9021742343902588,0.08743668347597122,0
https://c964imagemirrors3.blob.core.windows.net/%24web/1628252201612.jpg,0.11581601202487946,0.124582439661026,0.05542600154876709,0
https://c964imagemirrors3.blob.core.windows.net/%24web/1628265758535.jpg,0.003784090979024768,0.0071258824318647385,0.016345156356692314,0
https://c964imagemirrors3.blob.core.windows.net/%24web/1628263505150.gif,0.005859908647835255,0.008712117560207844,0.10191541910171509,0
https://c964imagemirrors3.blob.core.windows.net/%24web/1628264178729.jpg,0.018949409946799278,0.021456781774759293,0.6167402863502502,0
https://c964imagemirrors3.blob.core.windows.net/%24web/1628246639526.jpg,0.06764759123325348,0.12823185324668884,0.33711305260658264,0
https://c964imagemirrors3.blob.core.windows.net/%24web/1628269981671.jpg,0.002434935187920928,0.004703651648014784,0.07005760073661804,0
https://c964imagemirrors3.blob.core.windows.net/%24web/1628269773903.jpg,0.003808892099186778,0.0055801477283239365,0.047961458563804626,0
https://c964imagemirrors3.blob.core.windows.net/%24web/1628270118267.png,0.026094743981957436,0.032247450202703476,0.07353824377059937,0
https://c964imagemirrors3.blob.core.windows.net/%24web/1628270124225.jpg,0.13357634842395782,0.13842731714248657,0.0033483318984508514,0
https://c964imagemirrors3.blob.core.windows.net/%24web/1628268880260.jpg,0.030545983463525772,0.03963909298181534,0.2068316638469696,0
https://c964imagemirrors3.blob.core.windows.net/%24web/1628246916980.jpg,0.2893448770046234,0.951386570930481,0.009302780963480473,1
https://c964imagemirrors3.blob.core.windows.net/%24web/1628267118304.jpg,0.002733679488301277,0.0034613218158483505,0.4324400722980499,0
https://c964imagemirrors3.blob.core.windows.net/%24web/1628269805685.png,0.06758537888526917,0.09557410329580307,0.3678663671016693,0
https://c964imagemirrors3.blob.core.windows.net/%24web/1628269501902.jpg,0.015051248483359814,0.025195017457008362,0.08902287483215332,0
https://c964imagemirrors3.blob.core.windows.net/%24web/1628268874946.png,0.02231415919959545,0.02512827329337597,0.0011010643793269992,0
https://c964imagemirrors3.blob.core.windows.net/%24web/1628269320095.png,0.025959528982639313,0.03103809244930744,0.8065907955169678,0
https://c964imagemirrors3.blob.core.windows.net/%24web/1628270380946.jpg,0.9631536602973938,0.9976453185081482,0.04752998426556587,1
https://c964imagemirrors3.blob.core.windows.net/%24web/1628269833960.jpg,0.0030240179039537907,0.004300459288060665,0.03281087055802345,0
https://c964imagemirrors3.blob.core.windows.net/%24web/1628269833960.jpg,0.0030240179039537907,0.004300459288060665,0.03281087055802345,0
https://c964imagemirrors3.blob.core.windows.net/%24web/1628270389263.png,0.9993138313293457,0.9997710585594177,0.034350208938121796,1
https://c964imagemirrors3.blob.core.windows.net/%24web/1628270233690.jpg,0.0036477053072303534,0.006160838529467583,0.041614849120378494,0
https://c964imagemirrors3.blob.core.windows.net/%24web/1628242907761.jpg,0.9908010363578796,0.9926632046699524,0.1433861255645752,1
https://c964imagemirrors3.blob.core.windows.net/%24web/1628270092101.jpg,0.03685012087225914,0.07074834406375885,0.008760183118283749,0
https://c964imagemirrors3.blob.core.windows.net/%24web/1628269036350.jpg,0.9589030742645264,0.9682425856590271,0.5174575448036194,1
https://c964imagemirrors3.blob.core.windows.net/%24web/1628270473746.jpg,0.009777222760021687,0.012762353755533695,0.08897417783737183,0
https://c964imagemirrors3.blob.core.windows.net/%24web/1628270118267.png,0.026094743981957436,0.032247450202703476,0.07353824377059937,0
https://c964imagemirrors3.blob.core.windows.net/%24web/1628269033967.jpg,0.004313711076974869,0.005178956314921379,0.2774694263935089,0
https://c964imagemirrors3.blob.core.windows.net/%24web/1628270495832.jpg,0.003721008775755763,0.005429386626929045,0.016290612518787384,0
https://c964imagemirrors3.blob.core.windows.net/%24web/1628252257567.png,0.03494587540626526,0.15923799574375153,0.0056749749928712845,0
https://c964imagemirrors3.blob.core.windows.net/%24web/1628271003406.jpg,0.9998582601547241,0.9999159574508667,0.09091940522193909,1
https://c964imagemirrors3.blob.core.windows.net/%24web/1628271091878.png,0.034501783549785614,0.044989731162786484,0.7897340059280396,0
https://c964imagemirrors3.blob.core.windows.net/%24web/1628270817339.png,0.015429574064910412,0.02013038471341133,0.0013252621283754706,0
https://c964imagemirrors3.blob.core.windows.net/%24web/1628268636987.png,0.03518792241811752,0.049435026943683624,0.7926536202430725,0
https://c964imagemirrors3.blob.core.windows.net/%24web/1628271351780.jpg,0.2639719545841217,0.26881954073905945,0.38984206318855286,0
https://c964imagemirrors3.blob.core.windows.net/%24web/1628271868028.jpg,0.91382896900177,0.9972823858261108,0.12719851732254028,1
https://c964imagemirrors3.blob.core.windows.net/%24web/1628270648383.jpg,0.019029691815376282,0.032969940453767776,0.13296684622764587,0
https://c964imagemirrors3.blob.core.windows.net/%24web/1628266087348.jpg,0.9999847412109375,0.9999959468841553,0.07092192023992538,1
https://c964imagemirrors3.blob.core.windows.net/%24web/1628267533988.jpg,0.25584468245506287,0.2884448170661926,0.09374652057886124,0
https://c964imagemirrors3.blob.core.windows.net/%24web/1628267684444.jpg,0.009273928590118885,0.011237060651183128,0.06460756808519363,0
https://c964imagemirrors3.blob.core.windows.net/%24web/1628270520447.jpg,0.9857574701309204,0.9919557571411133,0.16202974319458008,1
https://c964imagemirrors3.blob.core.windows.net/%24web/1628271715599.png,0.0032300392631441355,0.003656080225482583,0.0015224643284454942,0
https://c964imagemirrors3.blob.core.windows.net/%24web/1628271947049.jpg,0.011865676380693913,0.017435364425182343,0.19547943770885468,0
https://c964imagemirrors3.blob.core.windows.net/%24web/1628264373493.jpg,0.9965194463729858,0.9980777502059937,0.22115810215473175,1
https://c964imagemirrors3.blob.core.windows.net/%24web/1628269981671.jpg,0.002434935187920928,0.004703651648014784,0.07005760073661804,0
https://c964imagemirrors3.blob.core.windows.net/%24web/1628269716795.jpg,0.004661401268094778,0.00700994860380888,0.03501730039715767,0
https://c964imagemirrors3.blob.core.windows.net/%24web/1628271991488.jpg,0.03589285910129547,0.8307888507843018,0.006705095060169697,0
https://c964imagemirrors3.blob.core.windows.net/%24web/1628258069477.png,0.1501769870519638,0.19216161966323853,0.36114761233329773,0
https://c964imagemirrors3.blob.core.windows.net/%24web/1628264902992.jpg,0.012790456414222717,0.9176966547966003,0.09503050148487091,0
https://c964imagemirrors3.blob.core.windows.net/%24web/1628269877025.jpg,0.9910593628883362,0.9971631169319153,0.12142074108123779,1
https://c964imagemirrors3.blob.core.windows.net/%24web/1628270451103.jpg,0.9885374307632446,0.9983362555503845,0.047971028834581375,1
https://c964imagemirrors3.blob.core.windows.net/%24web/1628271377624.png,0.008052189834415913,0.010277586057782173,0.20429575443267822,0
https://c964imagemirrors3.blob.core.windows.net/%24web/1628271211107.png,0.014502445235848427,0.030185868963599205,0.0023747661616653204,0
https://c964imagemirrors3.blob.core.windows.net/%24web/1628265255499.jpg,0.19705736637115479,0.21104705333709717,0.0006408588378690183,0
https://c964imagemirrors3.blob.core.windows.net/%24web/1628271956172.jpg,0.9090498089790344,0.9450924396514893,0.14992046356201172,1
https://c964imagemirrors3.blob.core.windows.net/%24web/1628270118267.png,0.026094749569892883,0.032247453927993774,0.07353824377059937,0








































































